ID,Пол,Возраст,День недели,Потраченная сумма,Время покупки
1,Мужской,19,Вторник,1138.23,19:41:00
2,Женский,35,Вторник,1250.39,17:23:00
3,Мужской,61,Среда,1662.25,19:38:00
4,Мужской,28,Среда,1206.21,18:08:00
5,Мужской,63,Среда,1714.86,11:44:00
6,Женский,36,Пятница,1347.61,11:20:00
7,Женский,18,Суббота,355.01,14:17:00
8,Женский,22,Пятница,291.53,20:57:00
9,Мужской,29,Четверг,50.0,13:16:00
10,Женский,35,Понедельник,337.74,16:27:00
11,Мужской,29,Пятница,530.58,11:53:00
12,Женский,35,Пятница,1444.67,19:31:00
13,Мужской,58,Среда,2059.98,17:04:00
14,Мужской,51,Суббота,1703.33,19:39:00
15,Женский,32,Пятница,1381.35,13:19:00
16,Мужской,10,Воскресенье,260.35,17:44:00
17,Мужской,39,Воскресенье,1021.18,10:57:00
18,Мужской,38,Среда,566.39,20:44:00
19,Мужской,49,Вторник,1818.38,08:39:00
20,Женский,34,Четверг,840.99,13:16:00
21,Женский,15,Суббота,661.57,14:50:00
22,Женский,33,Вторник,1076.87,20:15:00
23,Мужской,39,Воскресенье,1882.11,19:26:00
24,Женский,15,Среда,739.95,17:29:00
25,Мужской,26,Пятница,1327.04,12:17:00
26,Женский,18,Воскресенье,1028.53,15:25:00
27,Мужской,62,Суббота,1031.13,09:57:00
28,Женский,19,Среда,231.02,16:38:00
29,Мужской,25,Суббота,1086.19,19:34:00
30,Мужской,38,Четверг,594.51,16:50:00
31,Мужской,27,Пятница,354.24,16:06:00
32,Женский,36,Воскресенье,1609.98,10:16:00
33,Мужской,31,Суббота,1025.89,21:41:00
34,Женский,37,Воскресенье,739.62,13:50:00
35,Женский,47,Воскресенье,743.12,09:43:00
36,Женский,40,Пятница,704.24,14:23:00
37,Женский,46,Воскресенье,676.41,17:07:00
38,Женский,34,Суббота,1380.57,13:43:00
39,Мужской,35,Суббота,619.61,11:36:00
40,Мужской,26,Воскресенье,522.45,21:50:00
41,Женский,26,Суббота,50.0,12:12:00
42,Мужской,24,Среда,741.8,17:54:00
43,Женский,42,Пятница,2081.74,10:15:00
44,Женский,49,Воскресенье,1106.55,14:00:00
45,Женский,44,Среда,1083.31,14:30:00
46,Мужской,45,Среда,389.21,18:37:00
47,Женский,36,Четверг,1374.16,20:38:00
48,Мужской,27,Воскресенье,1723.73,21:59:00
49,Мужской,53,Среда,2496.57,12:06:00
50,Женский,37,Воскресенье,1161.19,10:16:00
51,Женский,10,Пятница,911.41,18:59:00
52,Мужской,32,Вторник,2049.27,16:38:00
53,Женский,28,Воскресенье,1137.43,12:04:00
54,Мужской,33,Пятница,2474.08,20:04:00
55,Женский,10,Суббота,265.72,19:44:00
56,Мужской,40,Среда,933.22,17:04:00
57,Женский,27,Воскресенье,1483.68,11:53:00
58,Женский,53,Вторник,190.27,09:40:00
59,Женский,10,Суббота,181.98,17:55:00
60,Женский,52,Четверг,1969.14,17:35:00
61,Мужской,29,Четверг,917.89,12:06:00
62,Мужской,41,Воскресенье,2185.12,19:24:00
63,Женский,21,Вторник,50.0,20:43:00
64,Мужской,40,Четверг,50.0,15:34:00
65,Женский,15,Пятница,50.0,17:00:00
66,Мужской,42,Пятница,1382.83,12:10:00
67,Мужской,22,Пятница,614.21,15:05:00
68,Мужской,11,Четверг,598.5,17:43:00
69,Мужской,39,Суббота,1134.26,13:00:00
70,Мужской,43,Вторник,1483.76,16:21:00
71,Женский,31,Понедельник,93.04,19:53:00
72,Мужской,45,Четверг,1909.4,12:12:00
73,Женский,59,Воскресенье,1134.94,14:36:00
74,Женский,50,Четверг,1764.29,17:27:00
75,Женский,18,Понедельник,439.77,16:34:00
76,Мужской,10,Воскресенье,756.17,17:11:00
77,Женский,25,Понедельник,892.52,13:30:00
78,Женский,16,Воскресенье,329.29,14:48:00
79,Женский,52,Воскресенье,945.86,18:38:00
80,Мужской,27,Суббота,1365.45,15:09:00
81,Женский,18,Суббота,825.57,16:24:00
82,Женский,50,Суббота,1823.82,19:38:00
83,Женский,39,Пятница,1007.79,12:41:00
84,Мужской,28,Четверг,50.0,15:19:00
85,Женский,64,Воскресенье,2467.73,10:58:00
86,Мужской,41,Суббота,1416.16,13:31:00
87,Мужской,14,Воскресенье,730.95,19:47:00
88,Женский,12,Понедельник,632.5,19:29:00
89,Мужской,22,Пятница,369.57,15:28:00
90,Женский,51,Воскресенье,905.53,10:48:00
91,Женский,59,Понедельник,1480.2,16:48:00
92,Женский,34,Пятница,2307.63,12:48:00
93,Женский,26,Пятница,50.0,14:00:00
94,Женский,45,Четверг,1402.53,17:28:00
95,Мужской,55,Суббота,1555.4,12:44:00
96,Мужской,10,Вторник,638.13,17:00:00
97,Женский,29,Пятница,455.72,21:49:00
98,Мужской,44,Среда,1563.95,12:40:00
99,Мужской,49,Воскресенье,50.0,17:55:00
100,Женский,28,Пятница,499.93,14:07:00
101,Мужской,40,Понедельник,600.03,15:05:00
102,Женский,56,Суббота,800.85,14:10:00
103,Мужской,10,Четверг,1453.01,14:11:00
104,Мужской,44,Среда,1703.94,13:41:00
105,Женский,57,Суббота,2062.59,09:23:00
106,Женский,25,Суббота,1228.96,14:49:00
107,Женский,24,Суббота,108.11,11:14:00
108,Женский,18,Суббота,951.96,15:53:00
109,Мужской,34,Пятница,949.36,17:00:00
110,Женский,44,Вторник,1922.39,14:40:00
111,Женский,21,Пятница,618.14,13:27:00
112,Женский,44,Суббота,978.21,10:40:00
113,Женский,56,Пятница,1215.74,12:16:00
114,Женский,53,Понедельник,1419.1,09:00:00
115,Мужской,65,Вторник,1527.54,09:31:00
116,Женский,41,Пятница,1739.84,09:46:00
117,Мужской,37,Воскресенье,1402.38,20:09:00
118,Женский,51,Суббота,1995.81,11:50:00
119,Женский,18,Вторник,1394.74,15:15:00
120,Мужской,18,Пятница,1101.75,20:00:00
121,Женский,26,Среда,1141.72,19:38:00
122,Мужской,17,Пятница,644.39,15:23:00
123,Женский,46,Среда,1057.82,17:34:00
124,Мужской,37,Вторник,1023.79,18:57:00
125,Мужской,27,Среда,1183.89,12:42:00
126,Мужской,10,Пятница,93.97,17:08:00
127,Женский,19,Четверг,1199.24,17:29:00
128,Женский,56,Вторник,50.0,14:59:00
129,Мужской,64,Пятница,1521.32,08:43:00
130,Мужской,61,Пятница,1860.1,13:52:00
131,Мужской,38,Суббота,306.8,13:25:00
132,Женский,17,Среда,714.43,15:17:00
133,Женский,24,Четверг,1267.31,16:44:00
134,Мужской,46,Четверг,477.41,10:29:00
135,Женский,69,Среда,1114.38,09:12:00
136,Женский,46,Четверг,1308.16,17:45:00
137,Мужской,34,Суббота,656.12,20:48:00
138,Женский,37,Суббота,829.6,20:44:00
139,Женский,16,Суббота,1000.85,16:56:00
140,Женский,13,Четверг,595.17,17:59:00
141,Мужской,24,Четверг,1301.6,14:03:00
142,Мужской,33,Вторник,1234.53,20:03:00
143,Женский,19,Понедельник,746.07,14:54:00
144,Мужской,60,Среда,2526.76,10:19:00
145,Мужской,22,Понедельник,292.48,18:18:00
146,Мужской,31,Среда,1139.37,17:52:00
147,Женский,22,Четверг,50.0,21:46:00
148,Мужской,17,Среда,1109.68,14:53:00
149,Мужской,23,Пятница,501.7,14:43:00
150,Мужской,59,Понедельник,2181.5,10:29:00
151,Женский,43,Понедельник,229.44,15:52:00
152,Мужской,34,Среда,1195.83,15:35:00
153,Женский,31,Пятница,888.57,20:24:00
154,Мужской,53,Четверг,1286.98,11:45:00
155,Мужской,39,Пятница,1520.44,18:11:00
156,Женский,30,Суббота,821.71,13:53:00
157,Женский,41,Суббота,644.49,08:06:00
158,Женский,20,Вторник,754.33,12:34:00
159,Мужской,28,Суббота,477.4,12:01:00
160,Мужской,55,Среда,1037.49,19:59:00
161,Женский,64,Пятница,1274.44,11:41:00
162,Мужской,19,Среда,795.41,18:12:00
163,Мужской,32,Воскресенье,423.28,16:48:00
164,Женский,37,Среда,1034.99,17:17:00
165,Мужской,32,Среда,50.0,18:56:00
166,Мужской,50,Четверг,1334.15,16:22:00
167,Женский,18,Понедельник,1199.88,15:23:00
168,Мужской,40,Среда,2082.41,10:22:00
169,Женский,47,Пятница,1004.28,12:51:00
170,Женский,62,Среда,627.44,19:35:00
171,Женский,15,Понедельник,481.59,15:39:00
172,Мужской,33,Понедельник,1183.33,20:15:00
173,Женский,39,Среда,540.07,20:47:00
174,Женский,31,Воскресенье,50.0,11:32:00
175,Мужской,20,Воскресенье,1551.47,13:26:00
176,Мужской,13,Среда,629.69,14:11:00
177,Мужской,48,Суббота,1389.74,08:02:00
178,Женский,43,Пятница,1423.18,08:31:00
179,Женский,53,Пятница,1343.04,18:34:00
180,Женский,21,Суббота,1171.06,20:24:00
181,Женский,26,Четверг,1253.88,12:09:00
182,Женский,61,Среда,1419.03,17:32:00
183,Мужской,48,Четверг,568.24,10:40:00
184,Женский,46,Суббота,877.36,09:28:00
185,Мужской,44,Среда,2634.27,15:51:00
186,Женский,10,Среда,51.31,19:14:00
187,Мужской,52,Среда,2096.01,14:54:00
188,Женский,10,Понедельник,658.29,19:12:00
189,Женский,24,Суббота,733.51,15:29:00
190,Мужской,39,Четверг,941.64,18:24:00
191,Женский,37,Среда,672.05,20:20:00
192,Мужской,28,Пятница,77.07,11:15:00
193,Женский,34,Четверг,961.73,14:35:00
194,Мужской,33,Суббота,1134.65,11:13:00
195,Женский,43,Четверг,50.0,10:33:00
196,Женский,42,Воскресенье,1604.68,17:20:00
197,Женский,37,Вторник,1062.58,18:41:00
198,Мужской,41,Пятница,1613.58,13:25:00
199,Мужской,39,Вторник,498.37,20:39:00
200,Женский,39,Среда,1214.01,12:43:00
201,Женский,41,Воскресенье,1128.84,10:12:00
202,Женский,32,Суббота,530.05,13:49:00
203,Женский,33,Четверг,1561.31,14:57:00
204,Женский,50,Среда,931.6,14:10:00
205,Мужской,25,Среда,360.12,20:44:00
206,Женский,18,Пятница,630.01,16:14:00
207,Мужской,43,Пятница,1542.68,12:42:00
208,Женский,42,Вторник,1802.08,09:20:00
209,Женский,51,Пятница,1786.89,13:33:00
210,Женский,36,Воскресенье,1044.59,12:54:00
211,Женский,38,Воскресенье,1440.43,16:34:00
212,Мужской,31,Пятница,532.35,17:44:00
213,Мужской,13,Суббота,1567.19,17:49:00
214,Мужской,32,Понедельник,1739.39,12:34:00
215,Мужской,46,Среда,1094.6,13:14:00
216,Мужской,38,Воскресенье,976.83,11:15:00
217,Мужской,49,Вторник,664.24,19:03:00
218,Женский,44,Воскресенье,1105.5,10:02:00
219,Мужской,32,Воскресенье,949.8,11:29:00
220,Мужской,70,Воскресенье,926.93,08:01:00
221,Мужской,59,Воскресенье,2230.89,16:44:00
222,Женский,28,Пятница,524.76,11:48:00
223,Женский,33,Суббота,1092.9,10:28:00
224,Женский,57,Пятница,1420.72,19:13:00
225,Мужской,64,Пятница,1978.91,08:37:00
226,Мужской,62,Понедельник,1562.1,18:16:00
227,Мужской,16,Пятница,1469.49,19:26:00
228,Мужской,42,Четверг,1142.39,18:25:00
229,Женский,59,Воскресенье,753.78,09:33:00
230,Женский,35,Понедельник,372.87,10:27:00
231,Женский,60,Четверг,944.25,09:39:00
232,Женский,35,Четверг,410.93,17:41:00
233,Женский,43,Четверг,1262.4,09:48:00
234,Женский,28,Суббота,184.53,13:01:00
235,Мужской,28,Воскресенье,1403.44,20:52:00
236,Женский,25,Среда,394.32,14:12:00
237,Женский,35,Воскресенье,1115.01,12:03:00
238,Женский,23,Пятница,385.93,15:57:00
239,Мужской,57,Среда,818.35,16:12:00
240,Женский,30,Пятница,50.0,15:57:00
241,Мужской,40,Понедельник,815.22,17:22:00
242,Мужской,31,Четверг,872.96,14:51:00
243,Женский,54,Пятница,1042.94,08:00:00
244,Мужской,38,Воскресенье,1466.75,16:38:00
245,Мужской,46,Четверг,1372.76,15:48:00
246,Мужской,39,Суббота,1256.93,21:55:00
247,Женский,56,Вторник,1750.99,16:56:00
248,Женский,34,Воскресенье,1191.72,10:40:00
249,Мужской,10,Вторник,1425.01,14:49:00
250,Женский,41,Пятница,1346.05,19:19:00
251,Женский,39,Суббота,1711.21,18:32:00
252,Женский,31,Пятница,933.11,16:39:00
253,Мужской,30,Вторник,1998.26,11:47:00
254,Мужской,35,Воскресенье,1409.64,13:59:00
255,Мужской,36,Среда,1054.04,12:52:00
256,Женский,49,Четверг,2532.72,14:27:00
257,Женский,31,Воскресенье,760.45,16:23:00
258,Женский,47,Суббота,1600.44,11:57:00
259,Женский,10,Воскресенье,50.0,19:54:00
260,Мужской,39,Воскресенье,396.92,11:47:00
261,Мужской,12,Среда,749.38,15:19:00
262,Женский,46,Пятница,1979.44,10:43:00
263,Мужской,72,Понедельник,1352.85,13:05:00
264,Мужской,18,Суббота,420.08,18:40:00
265,Мужской,57,Воскресенье,397.3,09:45:00
266,Женский,24,Пятница,347.56,13:24:00
267,Женский,34,Среда,1025.84,13:50:00
268,Женский,47,Четверг,1382.84,13:57:00
269,Женский,22,Суббота,585.95,10:30:00
270,Женский,36,Пятница,1187.26,17:44:00
271,Мужской,19,Вторник,1897.07,15:11:00
272,Мужской,51,Понедельник,1539.68,17:56:00
273,Мужской,30,Понедельник,749.72,15:00:00
274,Мужской,27,Воскресенье,448.22,10:04:00
275,Мужской,29,Среда,483.47,10:31:00
276,Мужской,21,Четверг,933.44,18:36:00
277,Женский,32,Вторник,891.67,15:26:00
278,Мужской,10,Среда,59.21,16:17:00
279,Женский,63,Пятница,1298.38,10:09:00
280,Мужской,45,Воскресенье,911.28,19:04:00
281,Женский,35,Пятница,267.65,21:35:00
282,Женский,11,Четверг,424.44,18:03:00
283,Мужской,43,Четверг,1847.25,15:28:00
284,Женский,39,Вторник,723.03,18:08:00
285,Женский,20,Воскресенье,765.57,11:07:00
286,Женский,35,Пятница,1268.8,18:10:00
287,Женский,31,Среда,993.79,17:24:00
288,Женский,10,Вторник,233.8,16:09:00
289,Женский,37,Суббота,1854.53,13:15:00
290,Женский,46,Четверг,424.75,16:40:00
291,Мужской,17,Воскресенье,673.38,17:03:00
292,Мужской,28,Четверг,572.81,14:46:00
293,Женский,35,Пятница,2354.97,19:41:00
294,Мужской,22,Вторник,500.56,11:37:00
295,Мужской,37,Воскресенье,1163.12,14:37:00
296,Женский,47,Воскресенье,980.17,14:33:00
297,Мужской,34,Воскресенье,588.34,19:06:00
298,Мужской,32,Воскресенье,1263.64,20:47:00
299,Женский,20,Воскресенье,1333.03,18:49:00
300,Мужской,30,Суббота,1908.89,18:14:00
301,Женский,25,Пятница,1072.79,15:57:00
302,Мужской,63,Пятница,567.34,16:00:00
303,Женский,43,Воскресенье,1163.75,10:37:00
304,Мужской,57,Среда,1498.72,19:14:00
305,Мужской,56,Среда,2104.53,15:43:00
306,Женский,16,Четверг,1006.07,16:13:00
307,Женский,61,Суббота,837.88,08:00:00
308,Мужской,33,Суббота,581.39,16:28:00
309,Женский,42,Среда,860.79,12:26:00
310,Мужской,25,Четверг,603.36,11:31:00
311,Женский,34,Четверг,867.82,16:44:00
312,Женский,16,Воскресенье,393.88,19:37:00
313,Мужской,48,Воскресенье,995.17,15:51:00
314,Мужской,34,Суббота,1967.01,20:52:00
315,Женский,38,Вторник,2341.72,17:00:00
316,Женский,24,Пятница,229.57,11:09:00
317,Женский,34,Суббота,787.94,13:49:00
318,Женский,33,Понедельник,878.83,18:15:00
319,Мужской,29,Пятница,50.0,12:22:00
320,Мужской,15,Воскресенье,50.0,16:01:00
321,Женский,36,Суббота,726.96,10:08:00
322,Женский,52,Воскресенье,1297.18,13:02:00
323,Женский,28,Вторник,97.35,15:16:00
324,Женский,63,Пятница,1559.08,15:34:00
325,Мужской,38,Четверг,938.7,18:53:00
326,Мужской,49,Суббота,1242.12,13:11:00
327,Женский,43,Понедельник,1671.18,09:03:00
328,Женский,25,Вторник,1117.61,11:23:00
329,Мужской,41,Понедельник,1615.17,16:51:00
330,Женский,29,Пятница,969.59,12:06:00
331,Женский,39,Вторник,1182.7,20:03:00
332,Мужской,46,Среда,1837.91,17:40:00
333,Мужской,23,Вторник,873.81,17:26:00
334,Женский,52,Понедельник,1513.69,13:21:00
335,Женский,29,Суббота,2093.61,10:09:00
336,Женский,20,Суббота,223.77,12:20:00
337,Женский,36,Понедельник,446.07,13:08:00
338,Женский,19,Суббота,562.92,19:29:00
339,Мужской,18,Воскресенье,1197.87,14:15:00
340,Женский,16,Пятница,50.0,16:37:00
341,Женский,67,Четверг,2097.69,08:16:00
342,Мужской,46,Воскресенье,1372.49,18:54:00
343,Мужской,42,Четверг,1019.82,14:26:00
344,Мужской,43,Воскресенье,533.13,14:39:00
345,Женский,44,Четверг,1350.15,16:07:00
346,Мужской,52,Воскресенье,1426.18,12:22:00
347,Мужской,39,Суббота,819.54,20:25:00
348,Мужской,37,Четверг,1675.29,17:29:00
349,Женский,16,Среда,835.49,19:31:00
350,Мужской,24,Вторник,502.14,17:53:00
351,Женский,41,Четверг,811.27,11:23:00
352,Мужской,14,Среда,707.36,19:03:00
353,Женский,47,Среда,1290.13,12:26:00
354,Женский,34,Среда,693.94,21:06:00
355,Мужской,29,Понедельник,437.63,20:14:00
356,Женский,59,Среда,1796.8,14:39:00
357,Мужской,21,Пятница,701.21,12:57:00
358,Мужской,35,Пятница,106.61,10:23:00
359,Мужской,29,Суббота,350.73,17:17:00
360,Мужской,60,Среда,1870.46,15:34:00
361,Женский,23,Понедельник,1079.11,19:19:00
362,Мужской,34,Пятница,1229.98,13:08:00
363,Женский,26,Воскресенье,927.78,19:07:00
364,Женский,42,Понедельник,2030.55,19:21:00
365,Женский,47,Понедельник,1720.47,15:13:00
366,Мужской,13,Суббота,436.33,14:34:00
367,Мужской,28,Понедельник,1560.91,13:19:00
368,Мужской,38,Четверг,1101.85,12:21:00
369,Мужской,42,Пятница,2163.4,19:20:00
370,Мужской,29,Четверг,360.62,17:00:00
371,Мужской,35,Среда,1530.38,11:16:00
372,Женский,47,Пятница,1031.47,18:04:00
373,Женский,49,Воскресенье,1120.78,17:47:00
374,Мужской,10,Воскресенье,292.73,18:42:00
375,Женский,33,Суббота,1295.05,11:13:00
376,Женский,27,Вторник,1259.21,13:19:00
377,Женский,38,Четверг,1162.74,15:00:00
378,Мужской,44,Вторник,466.76,12:20:00
379,Мужской,23,Воскресенье,967.66,15:06:00
380,Женский,30,Четверг,50.0,13:52:00
381,Мужской,36,Понедельник,644.51,11:18:00
382,Мужской,43,Понедельник,1707.02,16:57:00
383,Мужской,24,Вторник,748.27,18:58:00
384,Мужской,34,Понедельник,648.85,19:37:00
385,Мужской,17,Пятница,1190.26,19:56:00
386,Мужской,34,Пятница,177.41,20:21:00
387,Мужской,36,Четверг,257.67,14:29:00
388,Женский,16,Четверг,810.05,17:47:00
389,Женский,50,Пятница,1891.12,11:51:00
390,Женский,44,Понедельник,1189.7,19:02:00
391,Мужской,21,Суббота,1127.56,21:12:00
392,Мужской,38,Понедельник,774.09,13:15:00
393,Женский,38,Среда,2089.2,17:21:00
394,Женский,10,Среда,1072.64,14:10:00
395,Женский,28,Пятница,889.6,16:47:00
396,Женский,39,Воскресенье,1771.39,10:14:00
397,Мужской,12,Суббота,50.0,16:41:00
398,Мужской,27,Пятница,765.7,12:20:00
399,Мужской,43,Вторник,477.08,18:24:00
400,Женский,41,Четверг,595.03,09:28:00
401,Мужской,15,Воскресенье,515.75,19:47:00
402,Женский,51,Пятница,1387.98,08:27:00
403,Женский,43,Среда,1338.5,11:02:00
404,Женский,44,Пятница,1402.61,11:53:00
405,Женский,69,Вторник,2011.09,14:42:00
406,Женский,32,Среда,511.99,20:30:00
407,Женский,49,Среда,693.62,16:43:00
408,Мужской,12,Четверг,387.6,14:44:00
409,Мужской,44,Суббота,574.35,17:40:00
410,Женский,70,Пятница,1912.38,08:55:00
411,Мужской,46,Вторник,1869.62,09:56:00
412,Мужской,29,Пятница,847.64,17:39:00
413,Женский,11,Среда,50.0,18:19:00
414,Мужской,28,Суббота,1081.87,12:01:00
415,Мужской,41,Воскресенье,1786.81,16:35:00
416,Женский,10,Четверг,651.44,17:35:00
417,Мужской,38,Понедельник,1229.77,13:15:00
418,Женский,27,Пятница,2059.7,20:19:00
419,Мужской,22,Понедельник,800.89,14:27:00
420,Женский,39,Четверг,906.05,10:50:00
421,Мужской,26,Суббота,1257.4,13:17:00
422,Мужской,26,Четверг,969.55,20:04:00
423,Женский,27,Понедельник,1046.61,11:47:00
424,Мужской,18,Четверг,201.17,17:47:00
425,Женский,39,Воскресенье,1173.91,12:52:00
426,Женский,10,Четверг,555.04,14:31:00
427,Женский,37,Пятница,911.66,19:07:00
428,Мужской,43,Понедельник,934.71,19:26:00
429,Женский,49,Среда,1909.53,08:39:00
430,Женский,41,Воскресенье,1195.64,19:01:00
431,Женский,53,Воскресенье,1036.31,10:53:00
432,Мужской,16,Четверг,1304.45,14:20:00
433,Женский,30,Вторник,553.75,21:23:00
434,Женский,23,Среда,65.02,20:46:00
435,Женский,10,Пятница,1419.28,18:06:00
436,Женский,42,Понедельник,1695.32,08:20:00
437,Женский,46,Воскресенье,1549.97,14:20:00
438,Мужской,34,Суббота,50.0,17:37:00
439,Мужской,52,Понедельник,1534.99,18:29:00
440,Женский,31,Понедельник,591.3,20:02:00
441,Мужской,28,Четверг,670.84,19:23:00
442,Мужской,43,Воскресенье,1138.1,15:56:00
443,Мужской,40,Понедельник,1026.87,13:38:00
444,Женский,49,Вторник,518.31,18:31:00
445,Женский,24,Пятница,580.47,13:18:00
446,Женский,13,Суббота,1258.11,14:58:00
447,Женский,21,Воскресенье,814.76,19:54:00
448,Женский,19,Среда,325.26,16:34:00
449,Мужской,40,Пятница,228.57,11:54:00
450,Женский,46,Понедельник,828.62,08:37:00
451,Мужской,50,Пятница,1668.76,19:34:00
452,Мужской,22,Воскресенье,813.41,17:42:00
453,Женский,29,Суббота,869.62,17:55:00
454,Женский,24,Четверг,882.56,18:01:00
455,Женский,40,Суббота,329.3,12:20:00
456,Женский,37,Суббота,516.89,13:05:00
457,Женский,40,Пятница,1459.29,12:35:00
458,Женский,22,Среда,1012.51,19:26:00
459,Мужской,19,Воскресенье,2105.85,14:58:00
460,Мужской,31,Четверг,50.0,13:10:00
461,Женский,18,Пятница,211.97,17:41:00
462,Женский,58,Пятница,1350.05,19:14:00
463,Мужской,41,Среда,1199.18,11:35:00
464,Женский,16,Пятница,511.56,17:22:00
465,Женский,51,Среда,72.14,12:50:00
466,Мужской,31,Пятница,1329.67,16:31:00
467,Женский,36,Пятница,991.2,17:10:00
468,Мужской,49,Среда,1673.8,10:58:00
469,Женский,41,Пятница,50.0,17:35:00
470,Женский,27,Среда,97.48,21:10:00
471,Мужской,41,Четверг,1432.99,19:05:00
472,Женский,11,Вторник,50.0,17:51:00
473,Мужской,14,Пятница,1307.59,19:46:00
474,Женский,43,Суббота,991.87,15:31:00
475,Мужской,33,Суббота,375.16,12:17:00
476,Женский,20,Среда,50.0,11:06:00
477,Женский,36,Суббота,1548.74,15:56:00
478,Мужской,41,Среда,2090.56,08:15:00
479,Женский,19,Пятница,1298.39,19:48:00
480,Мужской,49,Суббота,2622.28,13:46:00
481,Женский,51,Пятница,494.53,11:35:00
482,Женский,43,Понедельник,1155.91,17:44:00
483,Женский,17,Пятница,790.99,19:37:00
484,Женский,37,Среда,706.87,13:33:00
485,Женский,50,Четверг,573.53,12:41:00
486,Мужской,24,Вторник,1365.38,15:36:00
487,Женский,23,Среда,1308.47,13:02:00
488,Женский,19,Суббота,1799.2,18:35:00
489,Женский,21,Воскресенье,1460.9,12:43:00
490,Мужской,26,Воскресенье,777.64,11:58:00
491,Мужской,43,Четверг,1597.14,15:27:00
492,Мужской,50,Суббота,2063.33,15:58:00
493,Мужской,14,Вторник,736.85,19:47:00
494,Женский,43,Четверг,721.14,11:34:00
495,Женский,45,Пятница,858.2,14:49:00
496,Женский,45,Суббота,875.01,08:29:00
497,Женский,50,Среда,1050.37,19:48:00
498,Мужской,16,Понедельник,50.0,16:58:00
499,Мужской,19,Пятница,1514.19,17:25:00
500,Мужской,49,Суббота,721.05,10:14:00
501,Женский,55,Воскресенье,1388.12,11:58:00
502,Мужской,14,Пятница,1566.03,15:37:00
503,Женский,27,Пятница,1094.2,12:36:00
504,Мужской,52,Воскресенье,1190.09,16:46:00
505,Мужской,39,Среда,435.11,20:26:00
506,Женский,52,Пятница,1059.33,10:13:00
507,Мужской,41,Понедельник,1183.34,18:36:00
508,Мужской,49,Среда,932.93,09:04:00
509,Мужской,23,Четверг,893.27,11:53:00
510,Мужской,28,Четверг,1073.81,20:59:00
511,Женский,30,Вторник,60.24,18:22:00
512,Мужской,45,Понедельник,1259.74,19:07:00
513,Женский,49,Среда,2107.84,13:59:00
514,Женский,43,Суббота,536.34,11:28:00
515,Женский,33,Четверг,1164.84,17:20:00
516,Мужской,40,Пятница,1459.55,17:37:00
517,Мужской,36,Среда,714.81,14:57:00
518,Женский,40,Вторник,1570.46,19:35:00
519,Женский,45,Пятница,2030.03,11:28:00
520,Мужской,43,Воскресенье,1286.89,11:56:00
521,Мужской,38,Воскресенье,860.72,21:55:00
522,Женский,20,Воскресенье,589.39,20:21:00
523,Женский,26,Пятница,1868.34,15:33:00
524,Мужской,35,Суббота,1623.27,11:58:00
525,Женский,17,Воскресенье,1251.69,14:53:00
526,Женский,55,Среда,1559.71,16:15:00
527,Мужской,43,Пятница,863.4,19:54:00
528,Женский,66,Четверг,2067.76,18:40:00
529,Женский,53,Понедельник,1033.36,19:34:00
530,Мужской,44,Воскресенье,1247.31,12:00:00
531,Мужской,50,Пятница,999.84,18:26:00
532,Женский,59,Суббота,1335.08,18:46:00
533,Мужской,33,Вторник,418.37,12:18:00
534,Мужской,44,Четверг,942.71,18:30:00
535,Женский,39,Четверг,1204.62,17:28:00
536,Мужской,42,Четверг,1838.41,16:04:00
537,Мужской,43,Пятница,1557.16,16:07:00
538,Мужской,44,Четверг,696.72,09:53:00
539,Мужской,54,Понедельник,930.89,09:12:00
540,Мужской,66,Вторник,2486.36,12:08:00
541,Мужской,35,Пятница,804.23,10:04:00
542,Мужской,26,Суббота,951.41,22:00:00
543,Мужской,33,Понедельник,1459.84,19:20:00
544,Мужской,53,Четверг,1608.67,10:13:00
545,Женский,38,Понедельник,576.64,15:46:00
546,Мужской,19,Вторник,653.15,17:01:00
547,Мужской,46,Четверг,920.72,19:21:00
548,Мужской,34,Суббота,300.62,20:21:00
549,Женский,33,Четверг,769.54,15:52:00
550,Женский,36,Воскресенье,1406.93,11:33:00
551,Женский,27,Среда,758.07,20:36:00
552,Женский,35,Пятница,70.07,11:49:00
553,Женский,49,Суббота,1259.24,11:44:00
554,Мужской,70,Суббота,1304.29,15:16:00
555,Женский,65,Воскресенье,2428.0,16:46:00
556,Женский,16,Пятница,308.88,18:14:00
557,Мужской,39,Воскресенье,1219.88,18:00:00
558,Женский,52,Вторник,735.42,09:28:00
559,Женский,54,Четверг,1694.21,14:14:00
560,Женский,34,Понедельник,362.16,13:50:00
561,Женский,31,Суббота,1189.41,16:15:00
562,Женский,61,Пятница,1149.21,08:18:00
563,Мужской,57,Воскресенье,1997.85,18:14:00
564,Женский,30,Среда,1641.5,12:57:00
565,Женский,47,Среда,1141.95,11:46:00
566,Женский,44,Пятница,1328.34,14:21:00
567,Женский,39,Четверг,1529.46,15:08:00
568,Мужской,52,Воскресенье,1789.68,09:38:00
569,Женский,46,Пятница,1224.13,09:30:00
570,Мужской,23,Воскресенье,1228.18,14:14:00
571,Мужской,17,Среда,1108.43,16:47:00
572,Мужской,55,Пятница,1392.93,11:58:00
573,Женский,31,Четверг,137.03,15:19:00
574,Женский,49,Среда,2145.0,13:49:00
575,Женский,44,Четверг,925.13,09:32:00
576,Женский,74,Понедельник,2326.8,16:48:00
577,Мужской,35,Пятница,394.96,10:27:00
578,Мужской,48,Пятница,701.27,19:10:00
579,Женский,51,Четверг,1226.91,19:02:00
580,Женский,38,Среда,793.11,21:01:00
581,Женский,43,Пятница,1882.18,18:35:00
582,Женский,34,Воскресенье,576.92,20:24:00
583,Женский,35,Понедельник,854.82,20:16:00
584,Мужской,38,Вторник,468.72,11:36:00
585,Женский,47,Четверг,1846.58,12:49:00
586,Мужской,55,Понедельник,1597.98,11:37:00
587,Женский,21,Четверг,1487.31,20:09:00
588,Женский,53,Воскресенье,1344.79,10:03:00
589,Женский,47,Пятница,706.64,12:28:00
590,Женский,54,Пятница,1590.88,18:49:00
591,Женский,26,Понедельник,641.94,19:56:00
592,Женский,24,Пятница,1171.39,11:50:00
593,Мужской,38,Суббота,50.0,14:54:00
594,Мужской,28,Пятница,245.46,19:15:00
595,Женский,35,Пятница,833.96,10:41:00
596,Женский,38,Суббота,600.65,21:56:00
597,Мужской,64,Понедельник,2056.12,13:25:00
598,Мужской,53,Четверг,215.77,17:58:00
599,Мужской,45,Вторник,1276.08,17:13:00
600,Женский,16,Воскресенье,757.36,17:27:00
601,Женский,67,Среда,2055.91,10:28:00
602,Женский,10,Пятница,107.21,14:44:00
603,Женский,32,Вторник,1730.52,19:45:00
604,Мужской,50,Среда,1416.61,12:30:00
605,Женский,75,Среда,2223.12,19:17:00
606,Женский,49,Четверг,1126.81,15:33:00
607,Мужской,33,Вторник,2021.09,10:06:00
608,Женский,25,Суббота,400.93,20:33:00
609,Мужской,66,Среда,1012.86,09:46:00
610,Женский,33,Пятница,50.0,10:00:00
611,Мужской,68,Суббота,1962.96,10:37:00
612,Мужской,51,Среда,1630.31,14:52:00
613,Мужской,43,Пятница,772.95,10:53:00
614,Женский,49,Четверг,1376.16,12:31:00
615,Мужской,57,Пятница,2022.58,19:40:00
616,Женский,50,Вторник,891.46,19:32:00
617,Женский,12,Четверг,114.31,14:17:00
618,Женский,56,Вторник,50.0,10:26:00
619,Мужской,10,Пятница,50.0,18:48:00
620,Женский,42,Четверг,1331.22,10:47:00
621,Мужской,26,Суббота,1258.21,15:15:00
622,Мужской,30,Пятница,1106.83,21:33:00
623,Женский,29,Суббота,462.3,14:00:00
624,Женский,32,Воскресенье,72.69,19:02:00
625,Мужской,42,Среда,770.41,19:02:00
626,Женский,31,Среда,756.57,15:55:00
627,Женский,47,Пятница,1066.63,10:34:00
628,Женский,32,Четверг,1430.86,13:18:00
629,Мужской,10,Четверг,50.0,16:58:00
630,Мужской,17,Вторник,212.06,14:53:00
631,Мужской,27,Суббота,223.91,18:07:00
632,Женский,29,Среда,69.14,10:16:00
633,Женский,25,Понедельник,1206.08,15:08:00
634,Мужской,31,Четверг,489.33,17:21:00
635,Женский,45,Четверг,569.6,17:32:00
636,Мужской,38,Воскресенье,696.99,19:19:00
637,Мужской,57,Суббота,1097.15,15:06:00
638,Женский,35,Суббота,1321.5,10:00:00
639,Женский,22,Воскресенье,687.54,21:06:00
640,Женский,40,Суббота,1687.71,18:14:00
641,Женский,39,Вторник,857.05,17:00:00
642,Мужской,53,Среда,1471.91,18:25:00
643,Женский,33,Понедельник,1151.04,10:29:00
644,Мужской,56,Пятница,749.74,11:34:00
645,Женский,19,Понедельник,524.6,14:48:00
646,Женский,34,Пятница,1625.81,20:48:00
647,Женский,41,Четверг,1158.75,10:37:00
648,Мужской,76,Воскресенье,1999.31,19:12:00
649,Женский,52,Среда,1045.42,11:05:00
650,Женский,18,Четверг,1153.52,17:14:00
651,Мужской,49,Среда,2173.4,11:54:00
652,Женский,64,Суббота,1198.74,14:26:00
653,Мужской,32,Пятница,598.89,21:50:00
654,Женский,45,Вторник,965.05,09:17:00
655,Мужской,74,Понедельник,1190.46,08:58:00
656,Мужской,68,Пятница,1517.07,17:05:00
657,Женский,30,Пятница,1204.51,21:35:00
658,Мужской,30,Суббота,50.0,14:02:00
659,Женский,63,Понедельник,2011.52,19:27:00
660,Мужской,58,Воскресенье,1486.9,19:20:00
661,Мужской,22,Среда,1132.68,16:54:00
662,Мужской,50,Воскресенье,862.85,15:44:00
663,Женский,64,Суббота,1860.28,14:34:00
664,Мужской,80,Пятница,1158.04,14:18:00
665,Мужской,26,Воскресенье,1807.41,21:41:00
666,Женский,30,Воскресенье,2240.83,12:41:00
667,Мужской,66,Пятница,955.41,13:37:00
668,Мужской,24,Четверг,710.19,21:32:00
669,Женский,39,Пятница,147.89,18:05:00
670,Мужской,38,Четверг,58.92,13:09:00
671,Женский,30,Понедельник,1568.26,21:47:00
672,Мужской,28,Пятница,237.41,18:45:00
673,Женский,26,Вторник,853.77,21:05:00
674,Мужской,36,Пятница,912.75,21:20:00
675,Женский,33,Пятница,330.97,15:05:00
676,Женский,29,Четверг,1320.55,18:19:00
677,Женский,16,Четверг,974.08,16:53:00
678,Мужской,66,Среда,1004.55,12:29:00
679,Мужской,48,Суббота,1594.45,09:51:00
680,Женский,44,Вторник,1244.41,13:44:00
681,Мужской,54,Понедельник,2713.35,11:44:00
682,Женский,25,Суббота,306.72,18:53:00
683,Женский,40,Суббота,1908.65,16:26:00
684,Женский,63,Четверг,1192.35,13:05:00
685,Мужской,62,Воскресенье,754.04,17:26:00
686,Женский,36,Четверг,1005.0,16:47:00
687,Мужской,53,Воскресенье,1684.39,09:55:00
688,Мужской,39,Суббота,750.05,17:27:00
689,Женский,48,Среда,973.41,13:20:00
690,Женский,42,Суббота,1499.6,16:38:00
691,Женский,10,Пятница,857.98,14:08:00
692,Женский,65,Суббота,1269.8,10:50:00
693,Женский,50,Четверг,807.8,17:46:00
694,Мужской,29,Суббота,911.72,18:07:00
695,Мужской,36,Среда,504.19,18:23:00
696,Женский,39,Суббота,1387.9,16:21:00
697,Женский,53,Вторник,1371.26,12:54:00
698,Женский,58,Четверг,1325.11,18:34:00
699,Мужской,57,Среда,1595.79,13:09:00
700,Мужской,52,Воскресенье,708.56,12:23:00
701,Женский,23,Среда,1097.21,12:43:00
702,Мужской,51,Среда,229.77,08:28:00
703,Женский,47,Пятница,50.0,16:48:00
704,Женский,38,Понедельник,708.76,16:14:00
705,Женский,38,Пятница,686.68,16:43:00
706,Мужской,54,Воскресенье,819.99,10:34:00
707,Мужской,52,Суббота,1025.96,17:57:00
708,Женский,40,Воскресенье,964.24,09:40:00
709,Мужской,11,Воскресенье,50.0,18:28:00
710,Женский,14,Пятница,824.35,18:18:00
711,Женский,17,Вторник,794.19,15:56:00
712,Женский,39,Вторник,682.5,12:30:00
713,Мужской,46,Вторник,1232.75,15:09:00
714,Женский,51,Воскресенье,1184.14,18:29:00
715,Мужской,62,Пятница,1844.35,08:58:00
716,Мужской,47,Вторник,494.87,13:55:00
717,Женский,16,Пятница,946.2,14:44:00
718,Мужской,61,Среда,1690.58,11:57:00
719,Мужской,72,Суббота,1426.67,11:47:00
720,Мужской,56,Четверг,1078.75,10:08:00
721,Мужской,50,Четверг,2324.45,10:41:00
722,Мужской,65,Четверг,1349.38,13:59:00
723,Женский,32,Воскресенье,1495.44,17:58:00
724,Мужской,55,Понедельник,1607.69,12:54:00
725,Мужской,44,Пятница,1313.15,12:52:00
726,Мужской,37,Суббота,1404.1,21:19:00
727,Мужской,10,Пятница,649.75,15:53:00
728,Мужской,22,Воскресенье,587.73,14:10:00
729,Мужской,47,Воскресенье,1004.18,14:15:00
730,Мужской,54,Пятница,1037.13,16:32:00
731,Женский,36,Среда,424.0,14:44:00
732,Женский,49,Воскресенье,1032.08,19:57:00
733,Женский,35,Среда,1235.48,13:08:00
734,Мужской,37,Суббота,50.0,17:19:00
735,Мужской,29,Суббота,1151.09,14:09:00
736,Женский,38,Вторник,2025.32,20:44:00
737,Женский,49,Понедельник,1161.51,12:13:00
738,Мужской,50,Четверг,580.84,18:20:00
739,Мужской,48,Четверг,1856.4,10:42:00
740,Мужской,32,Воскресенье,1742.25,17:10:00
741,Женский,33,Среда,1352.47,11:31:00
742,Женский,39,Воскресенье,871.75,19:07:00
743,Женский,29,Воскресенье,1265.57,16:35:00
744,Женский,31,Пятница,1704.48,11:18:00
745,Женский,43,Суббота,188.41,16:18:00
746,Женский,32,Среда,1487.12,12:55:00
747,Женский,37,Вторник,1543.65,14:14:00
748,Женский,26,Пятница,831.03,14:24:00
749,Женский,47,Понедельник,491.2,17:57:00
750,Мужской,43,Понедельник,1557.29,15:43:00
751,Женский,46,Суббота,1708.79,11:22:00
752,Женский,31,Пятница,258.2,16:08:00
753,Женский,57,Среда,1424.05,12:23:00
754,Мужской,44,Среда,773.89,17:31:00
755,Мужской,44,Четверг,504.5,08:49:00
756,Женский,51,Пятница,2219.1,09:24:00
757,Мужской,72,Понедельник,1556.06,14:57:00
758,Мужской,10,Вторник,1655.07,17:47:00
759,Женский,43,Среда,1866.32,15:01:00
760,Женский,34,Пятница,479.47,19:33:00
761,Женский,26,Понедельник,1567.65,20:01:00
762,Женский,15,Пятница,50.0,19:51:00
763,Женский,72,Воскресенье,1379.78,11:27:00
764,Женский,40,Понедельник,937.14,10:07:00
765,Женский,61,Среда,1279.45,19:31:00
766,Женский,52,Понедельник,1463.46,11:31:00
767,Женский,25,Среда,470.9,18:41:00
768,Женский,44,Пятница,655.88,08:56:00
769,Женский,46,Четверг,1416.43,15:17:00
770,Женский,46,Среда,1540.87,19:24:00
771,Мужской,51,Четверг,1609.28,08:41:00
772,Мужской,18,Среда,1109.9,17:23:00
773,Мужской,56,Понедельник,2187.21,10:47:00
774,Мужской,49,Четверг,834.31,14:24:00
775,Мужской,38,Вторник,894.39,17:06:00
776,Женский,60,Воскресенье,2381.36,11:41:00
777,Мужской,52,Пятница,1475.98,19:16:00
778,Женский,41,Среда,1099.96,14:54:00
779,Женский,58,Пятница,913.92,09:03:00
780,Мужской,42,Среда,105.35,16:01:00
781,Мужской,55,Воскресенье,1871.09,15:41:00
782,Мужской,53,Четверг,1826.5,12:16:00
783,Мужской,13,Пятница,1179.07,15:17:00
784,Женский,67,Пятница,1794.11,18:09:00
785,Мужской,54,Пятница,1251.0,14:48:00
786,Мужской,51,Пятница,1155.88,13:33:00
787,Женский,33,Воскресенье,1754.73,18:32:00
788,Мужской,55,Воскресенье,981.78,08:32:00
789,Женский,10,Понедельник,1059.26,18:33:00
790,Мужской,38,Суббота,1184.14,14:48:00
791,Женский,37,Воскресенье,1497.44,20:59:00
792,Мужской,52,Четверг,767.64,12:46:00
793,Мужской,22,Среда,85.7,21:47:00
794,Женский,40,Среда,846.32,11:30:00
795,Мужской,40,Пятница,697.41,17:07:00
796,Мужской,34,Среда,979.76,12:12:00
797,Женский,27,Воскресенье,1229.25,18:07:00
798,Мужской,43,Четверг,1844.04,16:24:00
799,Мужской,23,Четверг,50.0,11:00:00
800,Женский,35,Среда,362.33,11:18:00
801,Мужской,11,Вторник,50.0,17:38:00
802,Женский,22,Пятница,565.93,18:04:00
803,Женский,29,Вторник,549.34,13:42:00
804,Женский,51,Пятница,1170.65,18:19:00
805,Мужской,28,Воскресенье,978.6,10:11:00
806,Женский,25,Суббота,1339.34,14:12:00
807,Женский,34,Суббота,1096.47,21:55:00
808,Женский,53,Суббота,1191.27,11:06:00
809,Женский,65,Суббота,1104.44,13:40:00
810,Женский,43,Суббота,566.11,10:51:00
811,Женский,20,Понедельник,883.47,13:56:00
812,Мужской,19,Воскресенье,356.03,15:20:00
813,Женский,36,Воскресенье,564.23,12:08:00
814,Мужской,10,Среда,217.33,19:14:00
815,Мужской,42,Понедельник,906.25,15:07:00
816,Женский,49,Воскресенье,1258.88,10:59:00
817,Мужской,11,Пятница,512.54,17:37:00
818,Женский,33,Вторник,1054.62,12:50:00
819,Мужской,39,Четверг,1385.57,18:39:00
820,Женский,53,Пятница,1007.7,15:28:00
821,Женский,48,Четверг,756.65,11:20:00
822,Мужской,25,Воскресенье,352.17,21:21:00
823,Мужской,63,Воскресенье,1709.13,18:56:00
824,Мужской,24,Пятница,445.12,18:26:00
825,Женский,45,Пятница,1170.06,15:09:00
826,Женский,40,Суббота,1100.83,10:24:00
827,Женский,48,Суббота,1796.67,13:45:00
828,Мужской,44,Пятница,129.08,14:50:00
829,Мужской,61,Суббота,2205.32,16:55:00
830,Женский,32,Воскресенье,636.45,14:42:00
831,Женский,23,Суббота,1850.3,12:03:00
832,Мужской,66,Среда,1287.44,12:06:00
833,Мужской,50,Воскресенье,915.73,15:35:00
834,Женский,22,Пятница,490.06,18:25:00
835,Женский,10,Понедельник,1176.34,16:08:00
836,Женский,52,Воскресенье,1058.01,17:44:00
837,Женский,31,Воскресенье,407.49,15:00:00
838,Мужской,74,Четверг,1074.03,09:08:00
839,Мужской,49,Пятница,1877.05,10:38:00
840,Женский,43,Среда,1105.19,18:14:00
841,Мужской,55,Воскресенье,1590.52,19:04:00
842,Мужской,65,Воскресенье,129.65,17:53:00
843,Женский,21,Четверг,231.49,15:53:00
844,Женский,23,Пятница,657.63,18:32:00
845,Женский,31,Пятница,683.08,13:40:00
846,Женский,50,Четверг,1048.98,17:53:00
847,Женский,22,Суббота,734.66,20:50:00
848,Мужской,40,Среда,776.77,19:30:00
849,Мужской,10,Понедельник,657.56,15:22:00
850,Женский,43,Воскресенье,1672.22,09:15:00
851,Мужской,45,Пятница,1415.98,19:38:00
852,Женский,27,Пятница,1191.76,10:56:00
853,Женский,39,Суббота,50.0,13:37:00
854,Женский,50,Четверг,1478.81,14:54:00
855,Женский,26,Суббота,1280.71,19:23:00
856,Женский,48,Четверг,1574.16,08:28:00
857,Мужской,61,Четверг,2252.63,12:38:00
858,Мужской,60,Пятница,1354.75,08:29:00
859,Мужской,23,Четверг,1339.38,15:53:00
860,Женский,40,Суббота,519.9,08:50:00
861,Мужской,33,Вторник,761.6,17:37:00
862,Мужской,38,Понедельник,1189.86,19:00:00
863,Мужской,53,Понедельник,867.36,10:21:00
864,Мужской,10,Среда,365.63,19:59:00
865,Женский,28,Пятница,1270.2,21:30:00
866,Женский,31,Среда,1499.34,17:36:00
867,Женский,50,Воскресенье,1381.07,12:43:00
868,Женский,71,Четверг,2405.58,19:50:00
869,Женский,48,Суббота,848.03,11:12:00
870,Женский,56,Понедельник,1393.94,19:55:00
871,Женский,48,Четверг,2156.3,10:26:00
872,Женский,58,Пятница,1658.05,11:40:00
873,Мужской,39,Среда,1460.81,10:20:00
874,Женский,44,Среда,1158.29,08:03:00
875,Женский,64,Четверг,1760.95,12:09:00
876,Мужской,60,Понедельник,1902.92,17:26:00
877,Женский,66,Воскресенье,2012.25,12:14:00
878,Мужской,37,Понедельник,1591.63,10:13:00
879,Мужской,31,Суббота,619.57,10:01:00
880,Женский,44,Среда,621.06,14:34:00
881,Мужской,16,Суббота,167.88,19:54:00
882,Мужской,10,Воскресенье,510.61,16:35:00
883,Мужской,47,Пятница,536.12,10:28:00
884,Женский,51,Пятница,1847.47,14:34:00
885,Мужской,36,Понедельник,2023.91,12:34:00
886,Мужской,13,Вторник,259.86,15:14:00
887,Мужской,66,Среда,1718.94,15:59:00
888,Женский,22,Четверг,785.09,10:25:00
889,Женский,56,Воскресенье,1499.57,15:42:00
890,Мужской,41,Воскресенье,566.73,13:24:00
891,Мужской,38,Суббота,1871.38,21:25:00
892,Мужской,59,Четверг,1303.64,10:27:00
893,Мужской,44,Понедельник,1419.57,16:57:00
894,Женский,69,Суббота,1946.15,15:13:00
895,Женский,10,Четверг,442.21,15:39:00
896,Женский,38,Среда,1592.65,15:31:00
897,Мужской,44,Понедельник,930.79,18:03:00
898,Женский,39,Суббота,1142.31,13:50:00
899,Женский,63,Воскресенье,1499.86,16:50:00
900,Женский,57,Четверг,1661.49,08:30:00
901,Мужской,42,Суббота,2023.07,18:17:00
902,Женский,23,Пятница,307.04,12:00:00
903,Женский,49,Пятница,1122.67,08:41:00
904,Мужской,39,Среда,725.54,17:58:00
905,Мужской,21,Суббота,614.75,10:44:00
906,Мужской,20,Понедельник,348.35,16:28:00
907,Женский,52,Воскресенье,1670.13,10:37:00
908,Женский,27,Воскресенье,1622.81,20:06:00
909,Женский,57,Суббота,560.38,16:18:00
910,Женский,44,Вторник,1976.48,14:56:00
911,Женский,29,Четверг,1314.73,13:33:00
912,Мужской,34,Воскресенье,1046.32,17:44:00
913,Женский,62,Воскресенье,869.56,18:14:00
914,Женский,10,Среда,136.14,18:43:00
915,Мужской,43,Вторник,631.29,16:45:00
916,Женский,43,Вторник,1349.0,08:42:00
917,Мужской,68,Воскресенье,1592.87,16:39:00
918,Женский,25,Суббота,782.26,10:56:00
919,Мужской,47,Вторник,1759.81,11:17:00
920,Женский,49,Вторник,284.0,14:10:00
921,Мужской,25,Среда,713.73,14:57:00
922,Мужской,24,Среда,165.75,20:55:00
923,Мужской,33,Вторник,88.21,16:29:00
924,Женский,53,Пятница,833.23,15:02:00
925,Мужской,41,Среда,1317.94,09:55:00
926,Женский,36,Воскресенье,1075.95,12:43:00
927,Мужской,45,Четверг,1523.79,15:36:00
928,Мужской,50,Воскресенье,1465.87,12:56:00
929,Женский,58,Понедельник,1291.49,11:43:00
930,Мужской,31,Вторник,360.9,13:30:00
931,Мужской,38,Пятница,855.6,13:43:00
932,Женский,49,Четверг,1173.07,15:10:00
933,Женский,62,Понедельник,1663.08,19:09:00
934,Мужской,61,Воскресенье,1690.11,19:17:00
935,Женский,80,Воскресенье,1837.5,13:33:00
936,Мужской,23,Четверг,1022.44,15:36:00
937,Женский,51,Воскресенье,858.98,09:55:00
938,Мужской,13,Четверг,1664.43,18:09:00
939,Мужской,37,Четверг,1468.99,13:48:00
940,Мужской,51,Вторник,1027.24,10:02:00
941,Мужской,52,Среда,1096.54,13:27:00
942,Женский,28,Четверг,1401.02,21:41:00
943,Женский,34,Пятница,1424.09,10:37:00
944,Женский,37,Четверг,1585.84,17:15:00
945,Женский,46,Четверг,1363.91,14:48:00
946,Женский,21,Вторник,239.87,20:57:00
947,Мужской,59,Пятница,795.96,09:43:00
948,Мужской,17,Суббота,747.82,19:32:00
949,Женский,31,Понедельник,1650.67,16:02:00
950,Женский,46,Суббота,737.55,19:19:00
951,Женский,42,Понедельник,939.43,12:54:00
952,Женский,20,Вторник,130.78,13:49:00
953,Мужской,53,Четверг,1641.29,17:06:00
954,Мужской,69,Воскресенье,1099.49,10:35:00
955,Мужской,80,Четверг,1450.33,10:56:00
956,Мужской,30,Суббота,50.0,19:22:00
957,Мужской,43,Воскресенье,496.41,08:58:00
958,Мужской,55,Среда,1290.35,13:38:00
959,Женский,19,Суббота,530.24,15:30:00
960,Мужской,39,Четверг,993.65,11:49:00
961,Женский,66,Четверг,1195.44,17:50:00
962,Мужской,27,Среда,830.14,17:55:00
963,Женский,23,Воскресенье,897.44,10:14:00
964,Женский,47,Вторник,1319.28,09:08:00
965,Мужской,38,Четверг,947.22,12:57:00
966,Женский,26,Суббота,646.29,13:09:00
967,Женский,41,Пятница,1785.72,12:20:00
968,Женский,34,Воскресенье,1732.29,10:53:00
969,Мужской,10,Вторник,1189.17,15:00:00
970,Женский,19,Пятница,338.47,15:51:00
971,Мужской,26,Воскресенье,220.83,18:30:00
972,Женский,53,Пятница,1665.75,08:22:00
973,Мужской,33,Воскресенье,1450.0,14:55:00
974,Мужской,54,Воскресенье,1999.59,16:22:00
975,Женский,38,Пятница,1597.14,15:24:00
976,Женский,30,Суббота,170.97,18:14:00
977,Женский,40,Понедельник,357.55,11:57:00
978,Мужской,52,Воскресенье,976.61,18:21:00
979,Мужской,35,Вторник,1997.46,13:15:00
980,Женский,39,Пятница,1194.92,13:33:00
981,Мужской,25,Среда,671.49,17:01:00
982,Мужской,30,Пятница,777.88,14:37:00
983,Мужской,23,Суббота,653.5,18:19:00
984,Мужской,53,Суббота,1736.41,11:36:00
985,Женский,44,Воскресенье,237.77,14:55:00
986,Мужской,39,Воскресенье,1309.59,12:27:00
987,Мужской,26,Среда,550.19,19:18:00
988,Мужской,57,Пятница,1969.41,16:47:00
989,Женский,50,Воскресенье,613.75,10:44:00
990,Мужской,55,Понедельник,787.98,16:45:00
991,Женский,59,Среда,1816.14,10:22:00
992,Женский,25,Четверг,926.86,13:07:00
993,Женский,40,Четверг,1044.33,17:27:00
994,Женский,35,Пятница,1804.09,17:56:00
995,Женский,65,Пятница,2220.33,18:18:00
996,Женский,33,Воскресенье,1368.45,17:09:00
997,Женский,43,Пятница,69.88,14:01:00
998,Женский,42,Четверг,376.77,13:29:00
999,Мужской,18,Воскресенье,1747.43,15:17:00
1000,Мужской,21,Понедельник,679.09,20:02:00
